Group	Binge	Binge	Binge	Binge	Binge	Control	Control	Control	Control	Control	Chronic	Chronic	Chronic	Chronic	Chronic	Chronic plus binge	Chronic plus binge	Chronic plus binge	Chronic plus binge	Chronic plus binge
ABC transporters	2,96076046545702	2,61328472051708	2,79699369070907	2,95891856597183	2,65444053913378	2,02189255397509	2,96524413488611	2,53529172124327	2,63777037953814	2,69376002329395	2,53523605376166	2,67787788598552	2,05040414047036	2,46729842755599	2,14556649753369	2,68248497275572	2,43056790084669	2,52172774299992	2,4664324305065	2,42249337862541
Adipocytokine signaling pathway	0,0561455356135595	0,0629680015541713	0,0672449431381582	0,0576814980909953	0,0649820495894887	0,101616826373209	0,0564017322741081	0,0726539436209152	0,0769611517714367	0,0613884760740716	0,0675132830801698	0,0583146188466586	0,0869996863633343	0,0703415517031669	0,0842242201762734	0,065357696147783	0,0748945841729597	0,0603250577004706	0,0783596028571624	0,0794136252853841
African trypanosomiasis	0	0	0	9,2544934986547E-05	0	0	0,000284451650420372	0	0	8,27209403749157E-05	0	0	0	0,000187676570326664	0	0	7,27610606625644E-05	0,000178004172521748	0	0
Alanine, aspartate and glutamate metabolism	1,10991522652921	1,11628342218403	1,14686921885484	1,11689219977219	1,1396823779699	1,26703880830951	1,10886130946327	1,14429218819789	1,15475777746552	1,16355120618829	1,17488324151681	1,1379466400134	1,24272905095566	1,15145203527199	1,25930648855883	1,17731739918728	1,21339427799323	1,09380232474795	1,21250910343136	1,23221619630328
alpha-Linolenic acid metabolism	0,00577235438211066	0,0070947805674502	0,0134547422471391	0,00922043343352042	0,0107714374298785	0,0166165611704561	0,0110656456515022	0,0114032791695023	0,0137811325449041	0,0102266157530469	0,00898118263529145	0,0105159916606115	0,0149561239016401	0,0121179894337642	0,0145676058106364	0,0115872336948597	0,0137718751386722	0,0114721573662482	0,0157570124706837	0,0169933160977812
Alzheimer's disease	0,0518002032951823	0,0530958495013294	0,0514095061376925	0,0518278800393789	0,0537682796704687	0,0538484548607223	0,0541995869564182	0,0540615465339975	0,0523300455726603	0,0517652733437897	0,0535750501189043	0,0557584760831824	0,0617842622795362	0,0553667585779766	0,0516148987021519	0,0546136206734185	0,0554853851082748	0,0498926072808926	0,050952449917233	0,0528306207152308
Amino acid metabolism	0,107233472822794	0,0939849371063518	0,122421642422945	0,120665500555289	0,0988971706729731	0,0803174019469545	0,116384805753336	0,106758861296385	0,121342571076341	0,0920643663899416	0,0761221727382345	0,108588815140064	0,0756345818041765	0,123055098925188	0,0927047693585735	0,0976185426172199	0,0965619819794265	0,0924569263684311	0,114190159093938	0,109250669108304
Amino acid related enzymes	1,56242375021688	1,57820275068505	1,59980257758383	1,56382440427265	1,607147138419	1,67235843533	1,58153215470152	1,63187437615606	1,6110828654109	1,62268670489341	1,60026569879203	1,60387208978779	1,6992038292433	1,60158638843191	1,66668166106363	1,59834304824457	1,61766024733811	1,52199960731007	1,60765245505823	1,6373503765332
Amino sugar and nucleotide sugar metabolism	1,39271283467855	1,4560833595932	1,41460466344329	1,39307690964792	1,41724135615434	1,57007100578657	1,33219771719	1,43229636284792	1,41644679850509	1,43576041322114	1,48082583023746	1,46824252974714	1,41300097433348	1,47761594263096	1,57723665092293	1,47149466451838	1,49447756528114	1,35643060705461	1,51587930959021	1,5029991287704
Aminoacyl-tRNA biosynthesis	1,22691997704656	1,2377073210233	1,22404446211833	1,2190513601246	1,26560554925148	1,24886309121862	1,23696926207464	1,27994301293788	1,24334174704583	1,2440657966475	1,21107091858598	1,26723987267645	1,28369909379602	1,25531352102894	1,23153787415629	1,2193915868638	1,21781815048152	1,1744749950999	1,20831123433398	1,22579976340348
Aminobenzoate degradation	0,0739112279199378	0,0864914711687785	0,073056529823453	0,0645167286128316	0,0626049006896775	0,0704982409182909	0,0624362461963812	0,0848517097350007	0,0805589799961183	0,0630928356708496	0,0738135632150312	0,0878045769857828	0,0584855041175014	0,104642614756796	0,0975188840581462	0,0663176979737679	0,0758347586037815	0,0526906676285595	0,0758881663927615	0,0707255674009473
Amoebiasis	0,00988814559075008	0,0121923030134932	0,00828653197540371	0,00960157183109672	0,00583707234960895	0,00932966189054276	0,00728677767059476	0,00847664589463812	0,0112977959655374	0,00668515152576736	0,00961594775246525	0,00806866098413552	0,0053726932450746	0,0117629307974695	0,0145377901208088	0,00546931028156954	0,00674085539861034	0,0055289235371873	0,00919169915930841	0,00547988681862696
Amyotrophic lateral sclerosis	0,0234046019448332	0,0131656790023698	0,0178588470667733	0,0177091210777857	0,0145448842133529	0,0119434240034066	0,0235442751437959	0,0129757069544509	0,0176811653457003	0,0184726772690207	0,0199598778770739	0,0215308622668124	0,0118904906684347	0,0152411727733959	0,0166403782415905	0,0205407108625419	0,0159530148408593	0,0163733521707656	0,0174369540856567	0,0151068507569165
Antigen processing and presentation	0,0437562824555508	0,0485349714893086	0,0484518871212042	0,0475999742036914	0,049876502959712	0,0563225730570258	0,0474187193302356	0,0471308108268197	0,0484316180067441	0,0478416517006291	0,0505779340876215	0,0442274069604509	0,0523697212753314	0,0463846317895692	0,0468067829551871	0,0470571514239626	0,0477456387950058	0,0470311477304729	0,0472523975842882	0,0498080403214476
Apoptosis	0,0129616366718538	0,0192224183930593	0,0225758453517583	0,0187129062557105	0,0194189581685816	0,0446855563458788	0,0160610981748672	0,0256318330284278	0,0210706187949959	0,0214841193581981	0,0217630946856748	0,0121199345347327	0,0316077979324853	0,0218353255742587	0,0282339361443836	0,0244586786547105	0,0311050826944159	0,0207466311755864	0,0318789437657548	0,0349770340635313
Arachidonic acid metabolism	0,00920959398617995	0,0181460645083816	0,0115216230637394	0,0124061291370927	0,0141734406207399	0,0157682616488598	0,0128770654762287	0,0107987984813023	0,0143136883263107	0,0121871770135944	0,0169472086941985	0,00955023732443292	0,016391499397017	0,0171197280483414	0,00955355586966748	0,0113673708727815	0,013932592476852	0,0134206417447073	0,0115715492486952	0,0152984623848827
Arginine and proline metabolism	1,05258447996918	1,06600295703743	1,12534976605853	1,07549231829769	1,06925070296962	1,14087951035581	1,07647295569405	1,08686016736164	1,12380009662543	1,08649231841748	1,14096080134765	1,09635030178637	1,2775216251898	1,10455337757465	1,20880927531048	1,10130032218192	1,16239327550183	1,04670381328234	1,14254973589876	1,1370850924581
Ascorbate and aldarate metabolism	0,0844670682895849	0,085093323852997	0,0896219977035624	0,094856004436763	0,0799009379308477	0,107477540274484	0,0873608083348202	0,0864286849591881	0,0958928333085999	0,0840584288524479	0,0868950513290954	0,0917560747472621	0,0753144003535117	0,0908438367566026	0,0874833526379031	0,0998057098692175	0,0954317150473296	0,0844133898913656	0,0943082861025116	0,0974411842820711
Atrazine degradation	0,0215566311402282	0,0165627502094679	0,0119853604862153	0,00678879553187816	0,00799811680398285	0,00842336080319671	0,00927441131021544	0,0141737654343628	0,0218961681618958	0,0166295747455615	0,028100715938303	0,0351286080177249	0,0184217818526794	0,0357933373778821	0,0541651698533771	0,0169000726144643	0,0187808142393907	0,00839548034352994	0,0196090367770687	0,0136021261250444
Bacterial chemotaxis	0,761573840218336	0,662806215584011	0,720750312927136	0,790157918695635	0,700988670417065	0,363404657094374	0,791299901554706	0,577175014012701	0,548228071739658	0,709190071929536	0,594413702164448	0,549813168140571	0,495919590865439	0,472643204977335	0,230180706932907	0,604266272784898	0,481734738317016	0,672015691051483	0,525390683346383	0,534901392854575
Bacterial invasion of epithelial cells	0,000248989183825737	0	0	0,00184590693831044	0,00206898372353097	0,00194521774974791	0,000608910565316184	0,00227371961935082	0,00148675325798175	0,000948500128004824	0	0,00114459773176724	0,00348847919640612	0,000375353140653329	0	0,00152812917126957	0,00151275321470541	0,000832418539140632	0,000670940755394745	0,000505276201963759
Bacterial motility proteins	1,60632435667321	1,46785855382137	1,4937135646186	1,65735684897314	1,50436051448405	0,849523091958201	1,66444550092557	1,23363879507243	1,1971073898309	1,54771171005708	1,32551517584179	1,22335923364724	1,20385203344991	1,07720297284592	0,606638889355275	1,26047848006834	1,07006104626931	1,41707146141451	1,1651413622207	1,1594353952588
Bacterial secretion system	0,656757020523421	0,635677353577432	0,648944602745301	0,645114187717299	0,659230178960247	0,661122505480445	0,651841742530691	0,680426320368584	0,65166547076477	0,636422801526057	0,595700140944862	0,626620194091094	0,646714420796249	0,618751947030189	0,622221571669139	0,642968960726069	0,613658934201987	0,610594889904589	0,636959170825033	0,627232449627252
Bacterial toxins	0,146547631218688	0,152426775293415	0,157967293636106	0,158607855895004	0,159406557647409	0,195157165444143	0,152791634647428	0,17179266646385	0,159058520080846	0,157544946586437	0,161114216340559	0,149222034617801	0,190847794496862	0,155990604559829	0,154543315890361	0,166393679502345	0,17985180501634	0,161151111932465	0,178113075782729	0,182138001740036
Base excision repair	0,43043704572337	0,434373824124692	0,444512952741639	0,437195042498687	0,450370317952804	0,470893130344532	0,437776581903258	0,450304965712097	0,447602241607011	0,438711923447536	0,443691735761506	0,471359653413397	0,48302111004061	0,461159180829824	0,46595628777048	0,450943051166467	0,460262983157847	0,419697658283849	0,444516068387537	0,46553447382783
Benzoate degradation	0,167455275415993	0,154871059427717	0,157329385315993	0,159376053151377	0,155835677663914	0,106189578945436	0,165597632673853	0,152404029202763	0,159361680153913	0,136131052558285	0,13959624474556	0,179053866026808	0,126806156606133	0,175703650426872	0,155607189843907	0,144066417285375	0,133938120517049	0,12399678041058	0,139085773577292	0,131646628303538
beta-Alanine metabolism	0,152326737469657	0,16643673311668	0,16044856898513	0,153840979130873	0,16361543769966	0,205273078669666	0,165424001146029	0,165894692559678	0,171747787148269	0,175239855416575	0,180267092347638	0,17956178127028	0,207289040477785	0,192089996770798	0,211994479187194	0,184301151847598	0,199607583626256	0,159026422412986	0,196859407985672	0,199120728216818
beta-Lactam resistance	0,0623351375459712	0,033312066648792	0,0532380581350995	0,0559340333313961	0,0523431994722953	0,0321943476652074	0,0608522858553177	0,0438663521261021	0,0424024322369081	0,0554152827727898	0,0342496662801094	0,0346749105615474	0,00789727019507268	0,0161105619254082	0,00413659120129932	0,0461120747578921	0,0237324920774855	0,0479231342015747	0,0314085439859244	0,0352301562614731
Biosynthesis and biodegradation of secondary metabolites	0,0488033380746145	0,0487684457998143	0,056655832030082	0,052843552574733	0,0536785898057304	0,0529320727178849	0,0480106813635103	0,0510801248345707	0,0534342942906451	0,0465975470842855	0,0431071352847597	0,0400933006792653	0,0461441850324188	0,042445632220313	0,0421613552214855	0,0433757846483965	0,0459328054291864	0,0462272804875799	0,0507699284756623	0,0482332123985605
Biosynthesis of ansamycins	0,130501691502973	0,130190179564639	0,137472286800047	0,13743136446456	0,126739175977471	0,0993227473087799	0,137058923373424	0,125875474029518	0,12648207452383	0,133369647631782	0,134374282569586	0,118828070178028	0,112198320975064	0,108884128091775	0,116890128785443	0,115648427174265	0,114369625493044	0,124945036589222	0,114808529952398	0,11153143142306
Biosynthesis of siderophore group nonribosomal peptides	0,00645202755958091	0,00869891699023181	0,01208233160151	0,0118242754954224	0,0139412854117742	0,026371047258608	0,00889616080972038	0,0150878007213419	0,0159278284379905	0,011926018757728	0,0118325937605877	0,00995875329119853	0,023186074376584	0,0106196991025906	0,0161747878899291	0,0167867579513405	0,0187788513828705	0,0127364767275059	0,0178225907219336	0,0192050340836225
Biosynthesis of unsaturated fatty acids	0,118042519490371	0,113735138037515	0,117965361755998	0,121763200500404	0,122841092762876	0,104845958831139	0,122640996291044	0,121346279336196	0,121125558608505	0,115578980774493	0,106830430451046	0,113923996014782	0,108210323893012	0,112874644479787	0,0908618373954492	0,10569668020008	0,101029849527646	0,110857154049594	0,100690643766678	0,102492433498709
Biosynthesis of vancomycin group antibiotics	0,0455582687712511	0,046880861969244	0,0446565454142535	0,0464499884598834	0,0452272345285247	0,0508075967630963	0,0431338685644352	0,0453008774464265	0,0456861695033867	0,0483249402561024	0,0457939337511529	0,0459179476892782	0,0443677967043665	0,0486360271896189	0,0492526544237129	0,0481012651056034	0,0479345806562518	0,0423431381589643	0,0480556470006414	0,0493683290014991
Biotin metabolism	0,135177506492099	0,137331834897341	0,159819145637605	0,154219563604002	0,147304447907643	0,20897417490863	0,146303401975763	0,149158636873793	0,15079312746342	0,153829210247109	0,169054862637935	0,148525863168447	0,233380128804788	0,155701569695688	0,168440919277635	0,182399343292964	0,197025141292749	0,159763825436493	0,191610699213994	0,199940667442759
Bisphenol degradation	0,0372429272897916	0,0445712719898186	0,0409958858118787	0,0420488568941572	0,0354924583028974	0,0455310161335338	0,0351920264934157	0,0443393405953516	0,0413338808850661	0,0370242851432833	0,0358021351109659	0,0278242672294734	0,0346112479358083	0,036438230474174	0,0331450189883504	0,0340834318867381	0,0409765927156829	0,0345775520489864	0,0430715865655684	0,0387822479612784
Bladder cancer	0	0	0	0	0	0	0,000528823295884441	0	0	0	0	0,00077410951858995	0	0,000403605527584224	0	0	0	0	0	0
Butanoate metabolism	0,574242857398976	0,565037382182193	0,573231818582559	0,553077321173379	0,557769343351011	0,463121843447592	0,561648238019807	0,538882343105784	0,562844155741473	0,523661747488787	0,550528401027134	0,599884047731623	0,536018819754524	0,607384892333691	0,56625967074138	0,557556544118073	0,528824715349568	0,494234798328395	0,515148392630275	0,511809029926371
Butirosin and neomycin biosynthesis	0,067508930902748	0,0762514171737397	0,0749397896917388	0,0739611644379101	0,0705778863129512	0,0853594205529708	0,066258067431239	0,074547815092773	0,0744233900856596	0,0721176236224978	0,0819456589819011	0,0700825142763905	0,0772307009487995	0,077678186370812	0,0923646197920424	0,0744323228781536	0,0812763721977888	0,0672977373335596	0,0801672009298253	0,0773143690745547
C5-Branched dibasic acid metabolism	0,240725726306636	0,233582518919102	0,240290841156276	0,245192070525596	0,228999586180495	0,210951978605354	0,239978484122261	0,230700249150415	0,21577173593333	0,24157201145696	0,205948700228221	0,179544838211751	0,190266381297461	0,181958546128605	0,186367580402296	0,196884777563114	0,194034018694796	0,221434225546616	0,214679920723479	0,203944542630452
Caprolactam degradation	0,000814261925484166	0,00132428707799728	0,000866005932423469	0,000535999089086659	0,0002299740121495	0,000358516410081276	0,000415384515976355	0,000199977749653747	0,000236963244202747	0,00052423250531656	0	0	0,0023287619590982	0,000581763099618808	0,00539458051684598	8,09390450884306E-05	0,00127416462043979	0,000277950367087581	0,000507090156275323	0,00138270194190083
Carbohydrate digestion and absorption	0,0068408320211351	0,00810200500088647	0,00407367574426745	0,00400680563100184	0,0050519126217373	0,0107548533623015	0,00317734057439895	0,0072000756023279	0,00953746482013579	0,00618786788672601	0,0105621825198318	0,00944330779949151	0,0064080440226176	0,013335621619294	0,0182669897644044	0,00576311901524054	0,00813008402195837	0,00484439205060591	0,00803382779513553	0,0060063422625892
Carbohydrate metabolism	0,132518593617794	0,133940360677138	0,121809673876173	0,140624280809071	0,133469732927272	0,129063138888667	0,137273580532455	0,124805236944111	0,138282538326102	0,135508979424096	0,126696989418565	0,109285739614242	0,0822230193766831	0,109920632777803	0,128056955223617	0,13129342657997	0,130880700748008	0,114191558992699	0,141193531804843	0,118704689407646
Carbon fixation in photosynthetic organisms	0,699393905930283	0,684693166208797	0,723356492459944	0,694757510436603	0,695440369559001	0,71079790032117	0,711329198743549	0,705566865593958	0,693615035666104	0,702783780774267	0,696763266253202	0,664982667213473	0,698953681655286	0,669292878082026	0,690605333642619	0,684863042839458	0,699497729484503	0,6655174226886	0,698873638318712	0,698423506511266
Carbon fixation pathways in prokaryotes	0,878563920562154	0,970610744196193	0,941490699783164	0,898171393624508	0,954173343187626	1,06331153881076	0,924843459339154	0,96815929231703	0,969811137615157	0,889140855744038	0,966536306305768	0,953718363911701	1,11302198449228	1,02245784293241	1,01913636155781	0,961972885986469	0,999325890432068	0,884906449255815	0,952200373049635	0,972863156133662
Carotenoid biosynthesis	0,00255718621226432	0,00338984176569116	0,00179261881190612	0,000893873556693944	0,00268026413128875	0,00127433060613048	0,00487361221791713	0,00256409826953298	0,00898041009686884	0,00430265515645961	0,00691928879127151	0,00527682145089404	0	0,00450438999181262	0,00974158274245381	0,00450344846872028	0,00312703349080044	0,00159580757323446	0,00545703443404545	0,00254907305481717
Cell cycle - Caulobacter	0,563983067412044	0,556045722788078	0,551539380091135	0,555561105568744	0,567893747712274	0,589544597717696	0,558673916127501	0,559728242883389	0,55854655976871	0,57216266759035	0,567049880316957	0,577503396951456	0,582538342762513	0,574684772488817	0,592604384497291	0,580472168441599	0,570323258687855	0,53420054967262	0,566177914048324	0,569577016048407
Cell division	0,0575803862561358	0,0605567996102706	0,0694658779790368	0,0651779164348454	0,067883610362984	0,0927965417583756	0,0662151141772886	0,0709226294047348	0,0692181484478434	0,0695284915103905	0,0717440791619552	0,0640266886455536	0,0969821468060556	0,0680542887175525	0,0757480582876716	0,0729101508206025	0,0810832000423181	0,0699837246817199	0,0785384335508067	0,0853175810409407
Cell motility and secretion	0,137524936140583	0,147716244512731	0,151222413838942	0,140346251306697	0,149730057310633	0,188961220951105	0,147372432452788	0,138280395176875	0,159872985683098	0,141340805720528	0,169323366283293	0,165764483941132	0,174147493180249	0,171389145412989	0,19620622082575	0,165707316399995	0,172071447878516	0,141322519869363	0,168471105376399	0,171137927030865
Cellular antigens	0,0213457530035484	0,0316321043797331	0,0347035109496686	0,0268999522052078	0,0331450874813603	0,063001201326726	0,0260756438778783	0,0313279663765104	0,0386877658448834	0,0292053652403734	0,037377510108438	0,0339407113586046	0,0493767180546287	0,0427736188254649	0,0539503715353703	0,0403812666094509	0,0468454660263715	0,0328964903717873	0,0433905416216623	0,0512432062713846
Chagas disease	0	0	0	0	0	0	0	0	0	0	0	0	0	0	0	0	0	0	0	0
Chaperones and folding catalysts	1,09677146884984	1,12305441039649	1,12865885149512	1,09842602583562	1,13237302147798	1,30580508124158	1,08879141064748	1,16787663258883	1,16306276587665	1,15689783516479	1,16743850017271	1,11880211341236	1,27358760315129	1,17627937238941	1,26076736782377	1,160719229211	1,20430066831633	1,08821230077049	1,2152942534695	1,22580188132768
Chloroalkane and chloroalkene degradation	0,114770846477817	0,123446576609495	0,115438779346995	0,120645347769647	0,11189681919397	0,118640108437399	0,114317666768131	0,145970936755888	0,131100373493707	0,105654967051568	0,102774344716998	0,126869245756105	0,10511670820636	0,139700323946666	0,115148641797017	0,112833949947214	0,130931193539873	0,111423116034022	0,129159429492497	0,127946312165803
Chlorocyclohexane and chlorobenzene degradation	0,00924698722666981	0,00880942416602343	0,0085689334122786	0,00914671788696189	0,00835177890081111	0,00292790768011326	0,00953507682339315	0,0122260369411599	0,0100916530525454	0,00589551225707267	0,00723807757162549	0,00827009512443009	0,00574262127964537	0,00993242742590242	0,00817916896620548	0,00536114334171336	0,00684065649995634	0,0067191827682718	0,00405876821964076	0,0049271993706466
Chromosome	1,77562459707844	1,76985164431972	1,74143958523084	1,73533552230724	1,7940815853207	1,81050275938935	1,74191469497004	1,80527491851555	1,79699879958969	1,76117634555324	1,76544650517382	1,83370053710324	1,82598337142704	1,84193047210486	1,83044124842853	1,76194504295496	1,73583514093439	1,66558364303927	1,74936790204043	1,74309588109076
Citrate cycle	0,513986622517744	0,579668505604685	0,571554945571325	0,54185379836054	0,56247347362386	0,643058247946746	0,53705704550517	0,591604970120319	0,58070216446313	0,495352109248798	0,542128547081867	0,52998866012388	0,654110431975239	0,609573538496999	0,548986805914378	0,563274790526716	0,592096278480521	0,51625437755337	0,553877395562131	0,576303422282885
Cyanoamino acid metabolism	0,26943680368233	0,2935171534682	0,297144602007243	0,303691892444624	0,30541058549666	0,389957589311918	0,273226230302652	0,299458735784925	0,310124843232905	0,313404360295658	0,302285734429006	0,254353336280622	0,28320469048103	0,262373139900444	0,301477631922089	0,323008530206431	0,326626939490786	0,299948324619131	0,355767599396618	0,352772165371938
Cysteine and methionine metabolism	0,968275889930383	1,00562612720817	0,989025563390732	1,00276720685747	0,984175800229972	0,961173195299243	0,960733758078628	1,01629103287219	0,985712938316163	0,984744312195297	0,964663015602846	0,988622947044425	1,0235814819896	0,975166964429437	0,964511331695563	0,963459121108	0,989538783241169	0,936529858103403	0,980859899109467	0,983397317774926
Cytoskeleton proteins	0,428157000174724	0,424326499708174	0,419360557920079	0,420504635448097	0,41851555064023	0,362328752897388	0,404428453859275	0,411184277344765	0,416706362309807	0,396664736168456	0,391044148196499	0,421551579485757	0,378156181732044	0,407475343073894	0,374989961155725	0,394973895741526	0,362467684279014	0,387142284274115	0,394875198630471	0,36291647768013
D-Alanine metabolism	0,121553782905848	0,115937285857782	0,106910223629668	0,110389019362646	0,109951689515745	0,10933394534522	0,11139259018137	0,122680377474297	0,115808562047132	0,110936653277269	0,113943710076451	0,137053153469539	0,136558601281519	0,131992905257548	0,132365009025576	0,124623757884121	0,125297626115131	0,103842463699389	0,118970701143355	0,115359821462766
D-Arginine and D-ornithine metabolism	0,0041774777181458	0,00261859029762482	0,00169745243681275	0,00261196818514464	0,00105147911740519	0,000292279615901903	0,00419956255198685	0,000367082444569892	0,00344234976058206	0,00303922399614123	0,00431127262869661	0,00410775041236204	0,000727543789624806	0,00345284528848304	0,0100549608637644	0,00343074711635429	0,00348349500333941	0,000539176404284479	0,00350258181153768	0,00168526254187913
D-Glutamine and D-glutamate metabolism	0,167572659235719	0,167223542875701	0,168397506797204	0,159728564377644	0,167411976718994	0,183181155493761	0,164425638046165	0,170136248024047	0,168425830003693	0,166511671602092	0,171048715679345	0,182299026503816	0,194897974808796	0,181872951295962	0,197265707485598	0,176016231192346	0,182091052039996	0,157528062379453	0,176796533272409	0,180726556541138
Dioxin degradation	0,0402603397258895	0,0316746148278218	0,0257817642962428	0,0322735949831221	0,0289842411763886	0,0183967903782181	0,0326810614642159	0,0320402706842497	0,0270112873271587	0,0208949929832421	0,0196249599024758	0,0349124898933715	0,0193389844934457	0,0357219068146983	0,0240763933772595	0,0295794654081293	0,0299434100579958	0,0200848207905697	0,0285660477888214	0,0242532576942605
DNA repair and recombination proteins	3,11526998567342	3,14822240669003	3,12540436618373	3,10678282789271	3,20686912724552	3,25281193436582	3,09431888122865	3,21640333522628	3,15343637639494	3,16120293696175	3,14256710576933	3,26593003117741	3,24782362970508	3,22192607924706	3,20185929710584	3,16221127575597	3,15151944904285	2,98690448455883	3,11400011348895	3,19177294692439
DNA replication	0,733074313923062	0,753271714025718	0,728814727175673	0,725330075650084	0,756979210304729	0,782043062259355	0,726455218036904	0,760786146327389	0,750566514238646	0,750391431345477	0,758853649926582	0,792896734912227	0,788378451800807	0,795359940370801	0,80868612021583	0,756136638543991	0,759841286007332	0,698187368352705	0,742533542509625	0,759465591653848
DNA replication proteins	1,44968692105634	1,46066366048236	1,44435833768559	1,46257743608048	1,48870236638261	1,49609572363727	1,43219121935558	1,48204058152638	1,4337819210745	1,46616814773936	1,43850824611884	1,4740558813848	1,43521232658166	1,46638489538205	1,45114001015302	1,46088400896594	1,42380298725719	1,36909785438468	1,40965027986166	1,44334395116206
Drug metabolism - cytochrome P450	0,0180251569810912	0,0164197605204424	0,0152365864906792	0,0164946603504208	0,0139503658289549	0,0212713820535846	0,011843241391943	0,0274535481451366	0,0173368806838006	0,014376199682982	0,0109910971012222	0,0174099339200386	0,0168817519814103	0,0234203530178697	0,0229542310931494	0,0190692390228342	0,0237539481297925	0,0142974697096333	0,0226334651366616	0,0232583476733518
Drug metabolism - other enzymes	0,33032737776441	0,343761238199982	0,347380165048609	0,338581750849462	0,352807968605401	0,387238615056532	0,333966204855515	0,356911740587776	0,358476849233573	0,344827946281553	0,356610249922471	0,363250138573511	0,385403761541305	0,360509709704569	0,380045914228344	0,370318794212195	0,381569120978273	0,331581295199217	0,375596871476421	0,378232155763152
Electron transfer carriers	0,0253740839574368	0,0389806816505842	0,0202189354580998	0,0214626934910509	0,0173207653746416	0,0128332546338935	0,0295100129414117	0,0190773294327219	0,019141164689014	0,0125957001672687	0,0110441946797527	0,0129618162874405	0,0295898899395696	0,0232610811384466	0,0260954438445603	0,0183105811654114	0,0239775784036801	0,0174456748922625	0,0169515742113014	0,0135441252580286
Energy metabolism	0,845929491456023	0,893792698730061	0,917759820702563	0,885285753563613	0,911064548649575	0,992995253844754	0,880949561860407	0,915481208291665	0,924240889002039	0,883390667435086	0,901636325426623	0,847503836040231	1,04175670733579	0,896234250235715	0,907302006771775	0,876367834451162	0,916739142295277	0,883569568957303	0,905667423193489	0,921919484856256
Epithelial cell signaling in Helicobacter pylori infection	0,0983424728346211	0,10235543090124	0,0995260348185025	0,0963480535340975	0,100701352361277	0,105584857602649	0,100376626278298	0,101493693695912	0,106620770891708	0,105761013131223	0,113388303305747	0,113037309285074	0,115089841164599	0,112224192288493	0,129217797321558	0,0999710521505241	0,103679435091085	0,095450881257447	0,104137957403385	0,103567522078612
Ether lipid metabolism	0,000480033201249618	0,00042976863663308	0,000595294902225775	0,000821899322258847	0,000519219676914849	0,000688635480750173	0,000134569889599204	0,00101906469686567	0,000378376793162451	0,000170773341156674	0,00233466698197163	0,00339990707824283	0,00600068168365759	0,00167153610008938	0	0,00289761781416581	0,00325225019984764	0,000794239092816483	0,00201595474971841	0,00213305222984701
Ethylbenzene degradation	0,0168254553127532	0,0176921422080618	0,0150094316531014	0,0130923222011989	0,0108882262941928	0,00541090004498309	0,0132484783715225	0,0206059264780204	0,0180385212059093	0,0103179170125141	0,00962272472483672	0,0168790514194492	0,0023816177044983	0,0245640797006598	0,0124276809251157	0,00764119624185445	0,00732883245347145	0,00674999951159626	0,0108949017906244	0,00731388815145542
Fatty acid biosynthesis	0,480083896344704	0,498291647681221	0,467710544560962	0,486882780285885	0,495493637419962	0,486164864513766	0,482289646355124	0,489101580548142	0,504704535818524	0,466636363673131	0,486860270415951	0,517981302800265	0,525839425022765	0,526340712014812	0,471964194039034	0,483440822408687	0,471773952166434	0,452517589870599	0,449377155582877	0,46650720615676
Fatty acid metabolism	0,17475557099139	0,178977481879828	0,185936268374242	0,169277455712633	0,180843122871034	0,20242212777936	0,185873605271929	0,190070084897957	0,2063759522013	0,177029726640035	0,19383909772195	0,205974503468045	0,205669167339347	0,21862717443744	0,231191127532618	0,191077919087908	0,2013769634098	0,168185958098573	0,196686252980015	0,203187142680527
Flagellar assembly	0,831305100528289	0,74025258945998	0,781317663447576	0,854680660639666	0,775731054168789	0,44174737905194	0,859091120101125	0,657977913960945	0,640366184223987	0,806224942195963	0,698833123039758	0,604341954686927	0,627809164331233	0,557615952043341	0,275213142965233	0,622393543200993	0,520443724116562	0,733187426281519	0,593886157583796	0,588129366405757
Flavone and flavonol biosynthesis	0,00450123095149327	0,00696541687628382	0,010020348580452	0,0100376892567834	0,00851515528408144	0,017961956118466	0,00877192006840393	0,0117795112809741	0,00865905736182744	0,00906177495822069	0,00801485414484345	0,00285396408118279	0,0118666744913898	0,00698408904689966	0,00972224283553864	0,00970297272520106	0,0146872769665149	0,00919844807067184	0,0144874261986879	0,0160130197538515
Flavonoid biosynthesis	0,000524896117254256	0,00123600127279746	0,00121752622536674	0,00111443975899505	0,000810836207784833	0	0,00117839579000384	0,00156694894249238	0,000378376793162451	0	0	0,000651366472354384	0	0	0	0,000226629326247606	0,000906975081747314	9,99461945658326E-05	0,00088391862103038	0,000248099691982205
Fluorobenzoate degradation	0	0	0	0	0	0	0	0	0	0	0	0	0	0	0	0	0	0	0	0
Folate biosynthesis	0,295813977578715	0,306012626605209	0,278640142803974	0,289386316825799	0,29030518111885	0,356656810309856	0,291611968764984	0,284409232172352	0,309890440720535	0,332154065245662	0,349384913058904	0,324270561608248	0,377046459811561	0,341234728138928	0,426706483905788	0,355683849337957	0,375547550967254	0,290463630647223	0,361789721454354	0,364974948722082
Fructose and mannose metabolism	0,809149751342521	0,814586505575576	0,811182746726774	0,787451733915865	0,760018802902836	0,822303816171345	0,75302215112254	0,831804765051958	0,782043373902805	0,787463324764112	0,775369097710995	0,711179987112281	0,669628381358867	0,758905603751517	0,757578983606807	0,735647502040979	0,797931498210062	0,735991216877675	0,826030945612543	0,775543873729115
Function unknown	1,29353003456424	1,25735640972097	1,19122423797337	1,21636595500283	1,23483597477232	1,25043289614134	1,24845985761535	1,23409414166897	1,23525873968669	1,2247800300144	1,26481393596512	1,31893088517533	1,21579127577058	1,28167242689556	1,30150222583705	1,29894145893357	1,29407048988879	1,14575895420822	1,27511960256339	1,25890207147743
Galactose metabolism	0,809387524797346	0,790106517563575	0,803278954356154	0,804950597359121	0,778580977478525	0,900548070354499	0,777946131337132	0,822100639293418	0,802465783565272	0,818284788940309	0,838774146254717	0,749506691555543	0,738059409080539	0,793923485452533	0,82837593618759	0,812096081283522	0,823636119612687	0,746563158869468	0,868343788839694	0,83166033281617
General function prediction only	3,67405063718828	3,75080487669946	3,71619283212681	3,70143548515015	3,72073415564573	3,8211229894847	3,69276234594013	3,68268329061866	3,70343727718014	3,71819505892054	3,76529804813935	3,72601577344531	3,70214786317047	3,72378872522978	3,78110508858451	3,77178106328247	3,75294948254281	3,50578481511283	3,7611752125449	3,77082313535812
Geraniol degradation	0,0102137830665697	0,0137228790370743	0,0187957765954664	0,0145148581185661	0,0156289390310358	0,0247594982469556	0,0151907946915647	0,0183340148766801	0,0200568365284672	0,0139059898663191	0,0130806748773796	0,0156365604606229	0,0207029114576876	0,0222708007081248	0,0198517876921749	0,0147951070566585	0,0173676252295548	0,0155886079664329	0,020618037636647	0,0216426740694677
Germination	0,0588059065326344	0,0513090447502796	0,0543608759045284	0,0633461721684722	0,0613260318041768	0,0474993777149028	0,0780959987680789	0,0486466421691951	0,0481520013785849	0,051654770496451	0,0453305582652536	0,0569689634870086	0,0314522776745493	0,0506231751970806	0,0307200095490432	0,0522046480622606	0,0386702024620948	0,0532319095875317	0,0368045415130861	0,0450235587858107
Glutamatergic synapse	0,125701359490477	0,12476556653918	0,130277972819912	0,129758655681334	0,12721294615116	0,137916364417218	0,120667983488077	0,122834661677865	0,131687927679695	0,131170253605822	0,136623966318019	0,135342281070476	0,144302589814931	0,127873273176701	0,159866267122336	0,133006291027749	0,138473063610493	0,120704086346007	0,134946367167662	0,136381762205318
Glutathione metabolism	0,166280584823327	0,153824622770613	0,144882469257395	0,14254385685895	0,15166231318591	0,176698255885961	0,144652193060141	0,165304785592412	0,156254709823634	0,149013193766318	0,165101346380728	0,171648619912204	0,168217265096048	0,192153735983362	0,193102255302472	0,165799036525889	0,176992430701717	0,134338046585316	0,168735288492677	0,17106882218983
Glycan biosynthesis and metabolism	0,0199815614536794	0,0269324344188585	0,0213695516139132	0,019427680056136	0,0224238412869169	0,0313299326534946	0,020547767404826	0,0259578241545757	0,0239272489237381	0,0209597618967783	0,0273851693104612	0,024362612115701	0,0347998496720418	0,0287817955399081	0,0346611423392508	0,0246680517765453	0,0298960646050344	0,0227677431220967	0,0284352898622858	0,0279283705340169
Glycerolipid metabolism	0,405832338343955	0,399658879373576	0,392981801727093	0,403309665796623	0,391191342492983	0,369915102121404	0,427569383036678	0,408348866796797	0,40537401557447	0,415179898512594	0,398505730316936	0,431464774775132	0,375381939114068	0,417308734841565	0,448515989490093	0,416522394842273	0,421997738301282	0,379283248472218	0,416506207006819	0,414253447481448
Glycerophospholipid metabolism	0,53110568318429	0,54821613779818	0,543490373475362	0,54951141577203	0,54825493912981	0,558556285057332	0,537977248958345	0,532144243499369	0,556404373821239	0,549427321117921	0,579577926982305	0,564045337305308	0,565397348895723	0,582662226121485	0,591201614489699	0,542429522225315	0,55828370595532	0,512504729487242	0,559261018228598	0,548528873557897
Glycine, serine and threonine metabolism	0,78419859009426	0,829224192131511	0,836694635021867	0,819704549240981	0,809957778184405	0,830579013856158	0,830478761063821	0,840256810943967	0,829430786620055	0,802242716140361	0,798385322357878	0,749501420381778	0,809902181892943	0,806018096226492	0,812861659840778	0,775164857658774	0,791121976675599	0,771800605774685	0,786899930288905	0,804184139098821
Glycolysis / Gluconeogenesis	1,09585626536334	1,09009678626903	1,06610278501851	1,0469035255077	1,06053596817685	1,06566141864713	1,039059580396	1,15214901264545	1,08479495291283	1,06320087563339	1,07814467170301	1,13009560320327	1,02555175762843	1,14771723725409	1,13508474432041	1,07216106805221	1,11425706210166	0,979198454387271	1,07628890097938	1,08016941954621
Glycosaminoglycan degradation	0,0603756375321787	0,0928531797144865	0,100873690893311	0,0900415782429144	0,0902094163364743	0,214959269156531	0,068762813149325	0,110239515120426	0,10645080709381	0,0894075080698536	0,103242531853281	0,0534478194121772	0,135326751497547	0,102567739661075	0,131489251481423	0,10852731286053	0,138965875966479	0,103021905442003	0,15004893869721	0,153631770716121
Glycosphingolipid biosynthesis - ganglio series	0,0424409914841269	0,0635684449757247	0,0619002993094283	0,0553651350519241	0,0566332342713084	0,133806843444156	0,0399163388743586	0,0650135882388016	0,0702163752239865	0,0544350437945505	0,0710994196651191	0,0422541054103877	0,0875605169136442	0,0739688992683403	0,0930495748286212	0,0686643151445897	0,0840363176769581	0,0621443782801525	0,0910161699668446	0,0905619849446045
Glycosphingolipid biosynthesis - globo series	0,117741085557736	0,137322573216644	0,141313797532446	0,139355723318405	0,140028022745911	0,237544667098075	0,128464453708089	0,15700965374835	0,154149214959137	0,147640884188004	0,147792620095374	0,112477435328779	0,15257743658185	0,149653274332886	0,183063858710834	0,159080772027369	0,178351302733709	0,142362026923644	0,194615464261105	0,190098401381525
Glycosyltransferases	0,303923689884667	0,283913423578564	0,289411182498912	0,281078005900026	0,292283313253251	0,306159312493143	0,285025863776316	0,291970966165218	0,281458673404015	0,292772899734244	0,293730755586156	0,310796688440806	0,285304307238011	0,305726084961965	0,31412449845891	0,324862876105025	0,306261220138396	0,269777133765367	0,302823076039779	0,312565341081722
Glyoxylate and dicarboxylate metabolism	0,465523569661025	0,48825615023106	0,499355451852131	0,501987246689445	0,482649233211497	0,501195860238132	0,495786206136635	0,462630443643838	0,486027551549	0,482797686247648	0,467108716669576	0,423879179215292	0,464884500480171	0,444696111359663	0,463279232785033	0,457554897008505	0,469240885827117	0,44773246591337	0,479603512688878	0,478491631521901
Histidine metabolism	0,521820562479016	0,569890536182523	0,578957020165978	0,54637809873713	0,569285612076322	0,609454753306548	0,551024672640758	0,563789051335125	0,587882188982351	0,575720542719194	0,595519060243096	0,532424318915591	0,631237139244963	0,545081906232227	0,627977432391553	0,527956973451143	0,566515113984545	0,556990514165309	0,567775139489182	0,569151464564538
Homologous recombination	1,05267247857893	1,06181757687839	1,05953649369202	1,04733154002764	1,09117905694933	1,12065840390039	1,04321288000216	1,09265245439483	1,07933432604957	1,08793156281512	1,07395169112706	1,10440201971198	1,12247451944994	1,09205634162889	1,11032169471106	1,08226485092869	1,06815521411526	1,01227897901865	1,06283293027471	1,08717457486144
Huntington's disease	0,0381521415769996	0,0320813292089084	0,0383314428006314	0,0359925733288685	0,0375128392712833	0,0436402502821091	0,0418898608606916	0,0342801858456453	0,0412122270130827	0,0356713021089438	0,0449459650831726	0,0424182648219175	0,0415809308907242	0,0427137633642043	0,0396080398256532	0,0444366365245616	0,0433492124556508	0,0397548315582929	0,0409563848127869	0,045228785640776
Inorganic ion transport and metabolism	0,165645729698946	0,154543102647948	0,150472207580033	0,156227041089871	0,143491692164154	0,168287957858894	0,150540571356357	0,137464924265684	0,155417159415012	0,158860817658101	0,187628171967806	0,173080496614148	0,157405840015763	0,177665325594904	0,212500540084808	0,183778544621271	0,182800320090864	0,150852556098207	0,181607283628383	0,169870742726036
Inositol phosphate metabolism	0,0942729801552985	0,0993131686848509	0,108371982383473	0,0994156650582063	0,108862039454055	0,120794117625176	0,0999624419802558	0,10763454468617	0,114215137109381	0,0908996505512187	0,0889563691304638	0,102673428638816	0,102629441194291	0,106158001208902	0,0986411358788624	0,118939149742616	0,107916159362874	0,0995818240558438	0,116745862466878	0,117654773869661
Insulin signaling pathway	0,08968242713804	0,0946198619650303	0,0918145954296382	0,10220090540838	0,100123074409696	0,0945211121808894	0,0925054515844382	0,0941483739800684	0,0908146345455789	0,0893187475844866	0,0868993885914131	0,0913185673247905	0,0824902828987179	0,0814454251348859	0,0691327356834119	0,0921447968759795	0,0825496907593836	0,089260513804623	0,0866797892708233	0,0866175629148074
Ion channels	0,0160930682089775	0,0135152241601647	0,0169874538501668	0,0123644769511003	0,0149129374674363	0,0249642430641188	0,0107753020221318	0,0209291781829401	0,0208486377430072	0,0155733624565247	0,0245806209491137	0,0268152139659418	0,0341862877427915	0,0282095514385813	0,0264864502033498	0,0273347343072648	0,0295649510154891	0,0165211392771303	0,0261133131815602	0,0289434613469441
Isoquinoline alkaloid biosynthesis	0,0500733399323318	0,0530336496529113	0,0609409586785337	0,0525668232520775	0,0541162042713237	0,0655943043751673	0,0566959675192047	0,0552029537829116	0,0585872893551024	0,061064214986046	0,0673658839310903	0,0580495541087757	0,07865357761497	0,0587236142876823	0,0683373820115257	0,0601911302704623	0,0679046828927607	0,0562389907434339	0,0668071276418684	0,0664841821422715
Limonene and pinene degradation	0,0381891759141614	0,0394887414729605	0,0375107708646082	0,0354544382302437	0,0359480913508859	0,0393599193124813	0,0407989354989272	0,0450059513570056	0,0443414413124142	0,0415007125873785	0,0392508008113599	0,0458253256359839	0,0322668779860096	0,0472535640296635	0,0432685648923787	0,0395271330544417	0,0389045946044896	0,0351993506407786	0,0407305048367531	0,0419631280609702
Linoleic acid metabolism	0,0370163695639682	0,04266563121343	0,0397352613130476	0,0400614393239493	0,0354924583028974	0,0455310161335338	0,0346682950311918	0,0439722581507817	0,0413338808850661	0,0359579930619148	0,0358021351109659	0,0278242672294734	0,0346112479358083	0,036438230474174	0,0331450189883504	0,0340834318867381	0,0409765927156829	0,0345775520489864	0,0430715865655684	0,0386864270192652
Lipid biosynthesis proteins	0,592140558835698	0,601926889603876	0,590973357536246	0,606173503310979	0,618157270854907	0,648892126362276	0,601094855238984	0,621088593760776	0,629002650068122	0,600632832771027	0,59309290413411	0,609268619594879	0,65680794048754	0,626013495839306	0,607169125136533	0,601936879442871	0,595675107394505	0,573481969422653	0,589844664545626	0,596147434097602
Lipid metabolism	0,148775860099348	0,13545344611667	0,136872493515528	0,144105047656332	0,145972068574161	0,121628786423854	0,14155886774114	0,135131046956163	0,1410661302678	0,141170074031406	0,135667023934305	0,14644525558103	0,135554342118917	0,130670830622757	0,130117640212749	0,136374747455003	0,126021581747547	0,128646210750986	0,127715292553865	0,123799749399161
Lipoic acid metabolism	0,0284935370959872	0,0345055574735008	0,0315308584850143	0,0276554959268165	0,0311671924335694	0,0454445462350231	0,026595738316059	0,0393517311537135	0,0415364462389814	0,027691313788899	0,0385699861669219	0,0368398569291993	0,0456477763082671	0,0493544069527257	0,0415659367909954	0,0383462000109834	0,0394052245442019	0,031214329286448	0,035884490780003	0,0402290019821946
Lipopolysaccharide biosynthesis	0,146411135796744	0,155363161174361	0,182573148477296	0,155923565213	0,170578363236377	0,305873990225397	0,155500381044099	0,169059491116116	0,180170913202602	0,16630445273081	0,19014696928911	0,157186401663878	0,268533676688401	0,201839887885451	0,25979091024948	0,217856472652943	0,240059450646323	0,178409720863898	0,23105977016776	0,250762376542314
Lipopolysaccharide biosynthesis proteins	0,28111942105035	0,274032509575998	0,313665517047158	0,278210343442677	0,301272926262192	0,418818373303507	0,267778586579993	0,269968647110369	0,301760499351085	0,28644932951935	0,330256535806948	0,313528285988165	0,387190969751356	0,337901479544987	0,391744140423655	0,368824238556828	0,364287455327361	0,301793697840197	0,350620246626818	0,381621893445008
Lysine biosynthesis	0,759569252973958	0,789044222776933	0,765225630101472	0,781855690753547	0,774592777643293	0,772871076595899	0,75446270360558	0,783980990231269	0,76130255443591	0,75891118837968	0,750820599610922	0,790476513129398	0,805526348006114	0,779679637168195	0,798493899734932	0,766834675889509	0,783176265797124	0,730850051260004	0,746745244158048	0,775439278529702
Lysine degradation	0,0898779397259882	0,0968061849711579	0,0982568984106623	0,0972762889833605	0,103692602999511	0,112362379606853	0,108738253664386	0,08905305049574	0,113892140919581	0,0953312604062688	0,109483615134477	0,116588197840435	0,111816951226195	0,11541762583552	0,113772732771252	0,109409645578848	0,109817016690918	0,0960575546584616	0,104412406381543	0,110388236452103
Lysosome	0,0850864905708609	0,13055065217304	0,13329975439102	0,121353643888974	0,119851762526187	0,278139799681646	0,0885833939669492	0,142591148421466	0,145268864503126	0,116673637891307	0,150974137544884	0,0811403072975327	0,171939242320663	0,137250514546216	0,168554451694156	0,149492991751138	0,187928993439315	0,128800560990794	0,198290704843284	0,199334578048883
MAPK signaling pathway - yeast	0,0434624079242625	0,0500985630724946	0,0550800514065431	0,0470413844919901	0,050224427560567	0,0630326513801252	0,0510537066399931	0,0571479428548864	0,0528141767685177	0,0497465658431801	0,0494605468830134	0,0413730663668564	0,0535408802269377	0,0478207059479056	0,0499420862905961	0,0447177540159627	0,0579053841435579	0,0505254332694853	0,0588916518978856	0,0595464675847691
Meiosis - yeast	0,00291160324870096	0,00307501125280878	0,003272775141196	0,00215574440880604	0,00245740271745316	0,00233568116666811	0,00267321267176798	0	0,00315313994302042	0,00192015878715187	0,00445585933424194	0,00520716665471742	0,00455803075038447	0,00456911918019877	0,00640186733534419	0,00436747087297171	0,00385802833280574	0,00224545783791237	0,00290452557401737	0,00317386069377236
Membrane and intracellular structural molecules	0,409566727472181	0,430873308606218	0,446461641176328	0,431009925053759	0,427721505181218	0,596456226157274	0,415899191248711	0,447101376951069	0,430525064994881	0,428821481264361	0,46868029656252	0,396363275651055	0,512418853799842	0,468412847908355	0,513136527909663	0,471252891496799	0,508233335182062	0,4182014304358	0,493598797811127	0,514860565369572
Metabolism of cofactors and vitamins	0,0851905276730757	0,0983409254195126	0,0713254068604963	0,0789347465598401	0,0673493831036269	0,0691700263606254	0,0737029465369926	0,0731132897724486	0,078284553270431	0,0742373789586309	0,0948128931144413	0,10790770418718	0,090396880578273	0,107587792828366	0,116910990814662	0,0980768194905106	0,104104427370062	0,0649870812613921	0,0906155532360428	0,0853639635809173
Metabolism of xenobiotics by cytochrome P450	0,0177664549759504	0,0164197605204424	0,0148536313945279	0,0157473820570247	0,0135247953631731	0,0209791024376827	0,0114526977501818	0,0274535481451366	0,016910079305089	0,014082427884158	0,0106036914756071	0,0170710727494496	0,0168817519814103	0,0230734045681199	0,0226408529718389	0,0186753248781979	0,0231165950807423	0,0137002245663061	0,0221300036989358	0,0224323572354111
Methane metabolism	1,11249105328307	1,15190764409791	1,13644274985625	1,09936765777949	1,07074937485169	1,04653155095199	1,0709302401629	1,14509768761581	1,15800784301939	1,09185201890366	1,1239240010787	1,07700132894574	1,09258117534855	1,10551315913444	1,15218023713075	1,06656682026065	1,0910195482908	1,02674632394365	1,09026970224212	1,03028567856264
Mineral absorption	0,00454198891068348	0,00467415036586211	0,000970169072102523	0,00136486365983923	0,00105147911740519	0,00118679580739182	0,00450547264426223	0,00132314045318849	0,00628208670320531	0,00645827289423555	0,00998021001743179	0,00865074917272505	0	0,0076118479462658	0,0197965436062182	0,00388076820704596	0,00553434164340983	0,00118492876737432	0,00650170218534954	0,00277750630780079
Mismatch repair	0,931532511210303	0,956574000792784	0,917103945789699	0,9172704996917	0,941891379545164	0,941205748078126	0,918368465435006	0,941886653874917	0,93292578300146	0,944379367282713	0,952135036707222	0,980060678288465	0,934900734189622	0,983036777229418	1,00238074970419	0,936019943056954	0,932406392300678	0,868873413877546	0,927731892855714	0,931424940457594
mRNA surveillance pathway	0	0	0	0	0,000175444091742917	0	0,000176395666096254	0	0	0,000154112527385291	0	0	0	0	0	0,000173209556489241	0	0	0	0
N-Glycan biosynthesis	0,0396053187207638	0,0279432569152992	0,0402219216297224	0,043566120191039	0,0408579179669725	0,0511956464061665	0,0422674930670993	0,035669949023102	0,0297860504770167	0,043639669511383	0,0292493788704054	0,0298822840721838	0,0338505604846561	0,0237465119753495	0,0291501642344895	0,0483583922640403	0,0391155678380573	0,0420199787965348	0,0406726314280919	0,0487112581465262
Naphthalene degradation	0,0650167959186904	0,0681971531384575	0,0543823981048396	0,0561768651113822	0,0512091430884657	0,0647222930751617	0,0469912598944357	0,0872076119911956	0,0644317584540946	0,0512255462816658	0,0495723669271426	0,0687496603387405	0,0571412892371323	0,0852527198437729	0,0740095260072467	0,058917700086277	0,0718949671442033	0,0475551656285815	0,0701489293084439	0,0670721481562093
Nicotinate and nicotinamide metabolism	0,399406936925022	0,42346802852765	0,410130766357068	0,405141665455441	0,420852655611534	0,463781726622187	0,400974226644466	0,423732579799202	0,436290915804627	0,41776694802298	0,41988660376086	0,415240101927332	0,460719094643265	0,431971685582707	0,437416494579697	0,426974733622521	0,429432429637429	0,400498727246513	0,436251770442476	0,436215867592973
Nitrogen metabolism	0,6762490154062	0,696658058314255	0,702034133455474	0,689030056252703	0,67296479597368	0,742610729731372	0,683911456623481	0,656529308015508	0,717662142127555	0,697270259324937	0,739452397882089	0,725319534223724	0,742219902442285	0,738451142145501	0,816601335267286	0,729830153865529	0,751863357208043	0,660877187398094	0,749331217866922	0,75247087467931
Nitrotoluene degradation	0,0726139269778317	0,0913263683309006	0,0780487913937704	0,0717545272801099	0,0693091173170563	0,0598676259159186	0,0710044201778838	0,0672838013989805	0,0875306679598317	0,080890625026026	0,099888540456916	0,0883343299491369	0,0696286767292088	0,0835379294154443	0,125548229057617	0,0920606850203236	0,0941355528969221	0,0641706874287802	0,0866353142075757	0,073281175764724
NOD-like receptor signaling pathway	0,0437562824555508	0,0485349714893086	0,0484518871212042	0,0475999742036914	0,049876502959712	0,0563225730570258	0,0474187193302356	0,0471308108268197	0,0484316180067441	0,0478416517006291	0,0529126010695931	0,0472244457581046	0,058370402958989	0,0480561678896586	0,0468067829551871	0,0497281399118809	0,0505274802770815	0,0477141133933394	0,0486480585648625	0,0516929928593124
Non-homologous end-joining	0,00220649279785607	0,00433100176451941	0,00254910125688842	0,00365499092958409	0,00241197692288837	0,00340299516848235	0,00289423462287457	0,00169296231898652	0,00153391658755372	0,0011867497649356	0,00371940574663423	0,0023163043571816	0	0,00399999731031184	0,000626756242621109	0,00238070869661306	0,00317157002839669	0,00163901764468509	0,00250387782852718	0,00308914372577843
Novobiocin biosynthesis	0,132077501427636	0,141912735463673	0,147703601429106	0,137770873893639	0,141236239821494	0,150383435359389	0,14312398829766	0,138198267328455	0,144682380473724	0,146797180578621	0,153434517364347	0,133834725373767	0,15987843178558	0,137896930682235	0,152985378944417	0,134448365806281	0,142763123431866	0,136726360850661	0,142614717874018	0,142685612305866
Nucleotide excision repair	0,438519144904521	0,447708045726498	0,435891466372155	0,435825721079811	0,440845576755386	0,4496240200781	0,433877946720608	0,451938592167282	0,443820652208438	0,445191397227296	0,446068826590523	0,458176071315427	0,461904680104204	0,462854247893691	0,460291575313064	0,443259734245549	0,445043839759066	0,414916532174403	0,446298947753499	0,44754927331514
Nucleotide metabolism	0,0978067423231517	0,0913463575698138	0,0831904423544835	0,0856592992831112	0,0898580065624455	0,0733952664917932	0,0779555732697701	0,0881581911573579	0,0844659688147282	0,0819999020069247	0,0773029246345159	0,113502302113604	0,0948357060769727	0,101848484150125	0,0911587407812394	0,106812829631849	0,0862698115004685	0,0803684674510918	0,0898164287732544	0,0870940958597732
One carbon pool by folate	0,536630573721719	0,554054894538521	0,56030039712096	0,549084933606759	0,574476244073841	0,633698342889729	0,552392702864376	0,589739588629234	0,575640056268788	0,569373564060952	0,557006407262437	0,548725800295392	0,623055878239018	0,567715571155246	0,584017913509988	0,570239789610284	0,578473614279737	0,543007175345196	0,575346879440993	0,593919075278762
Other glycan degradation	0,23687332527786	0,26470856240035	0,297138649058221	0,288511249440038	0,277585389632844	0,508466218067838	0,239740113566469	0,305037676692868	0,314485234465382	0,266962300255893	0,31113049661046	0,199131766896618	0,339633422086939	0,279028493136105	0,33109956453406	0,328355493027445	0,356603921163748	0,283951869548073	0,391914226323461	0,386747814617721
Other ion-coupled transporters	1,27123018192602	1,2667412241291	1,23195558119544	1,21002393372684	1,18825549728859	1,23330042630711	1,21379494501652	1,18483638941221	1,26282268645113	1,20548151785876	1,32114145341269	1,35792062797571	1,26809383915763	1,336323204498	1,47076222598718	1,37923716811602	1,32935368189822	1,11474548345745	1,32180210524728	1,26631985893891
Other transporters	0,329452528470862	0,343028565963019	0,345598832597067	0,33918210883463	0,332034084166682	0,318818207463045	0,331896156251074	0,32279953605184	0,331860870105573	0,326139053301814	0,354152784201129	0,353293267844371	0,332752101501686	0,336205384429304	0,331312482583339	0,343184594483041	0,334409225642777	0,315193217622452	0,328570881117871	0,330139573531461
Others	0,752415412387859	0,751675639929298	0,710023448962499	0,727002756858356	0,715114883385001	0,739690418339552	0,722599172405799	0,758327077467743	0,730559478211339	0,711646000835541	0,757450376142484	0,767862424653936	0,703534720200728	0,769120478894742	0,737634525527331	0,749227973035805	0,754100675217533	0,679746795724336	0,739788494463655	0,720798952097821
Oxidative phosphorylation	0,886192119190629	0,931163180555394	0,942064041502344	0,904021482616888	0,914083253917301	1,10263865919622	0,937534636516534	0,968591353833131	1,02965540232112	0,934659823396799	0,960672429306768	0,900465201416407	1,02608659558864	0,991201488596488	1,01722779926242	0,942849741559605	1,01850925946987	0,896987512154757	1,01450919230705	1,02121693893131
Pantothenate and CoA biosynthesis	0,59389727846915	0,615859389126354	0,605128069617288	0,614100606186691	0,61146215835337	0,588557364213024	0,625329473916423	0,602728992689825	0,599335883830647	0,628061572134889	0,585763303550608	0,564764852524192	0,602067981038779	0,576601061072992	0,612429311207639	0,5659031727013	0,589342864575634	0,58241639296268	0,599973534546046	0,593835810601648
Parkinson's disease	0,00105652167190921	0,00105942966239783	0	0,000590885247217165	0,000548855503222775	0	0,00134206187194882	0	0	0	0	0	0	0,000342683938514907	0	0,000770539709241859	0,000758068725042531	0	0,00024346530438907	0
Pathogenic Escherichia coli infection	0	0	0	0	0	0	0	0	0	0	0	0	0	0	0	0	0	0	0	0
Pathways in cancer	0,0533890907598605	0,0584215824249644	0,0574930968013889	0,0577322747525145	0,0618102574973873	0,0614311124306156	0,0573132432398203	0,0581560498668396	0,0601393221648742	0,0537364558731164	0,0561562294708882	0,0585970031554828	0,0614060016921611	0,0618380782248784	0,0564274912794211	0,0552473733964609	0,0576967121900484	0,0542031200755261	0,055626363467734	0,0568531638919422
Penicillin and cephalosporin biosynthesis	0,00294749358150467	0,0029883912175184	0,00205794255792078	0,00225641546703526	0,00141540706446651	0	0,00117734105303131	0,00604316322926255	0,00293910862567601	0,00152804653504238	0	0,00338861170588986	0	0,00541170283302059	0	0,000527722573976567	0,000470408717771928	0,00085763829556941	0,0013677477609628	0,00079875998394271
Pentose and glucuronate interconversions	0,438578094776151	0,476348094194912	0,507998891404661	0,488831772901903	0,443897663817865	0,537293706178965	0,463675139080472	0,492025310036504	0,512299857533149	0,481364689655171	0,468728548605805	0,385276491174206	0,418396504369732	0,413570852668224	0,407830913829798	0,448310298283449	0,50219765290951	0,424181477779859	0,524181699775632	0,50443072662318
Pentose phosphate pathway	0,979269569928778	0,943635666067653	0,996278194722148	0,972820120958728	0,942042071794774	0,899254145584174	0,965911898319684	0,959214369757655	0,951853871870082	0,95640168554404	0,934210927445676	0,918137187975034	0,856265003161628	0,903268675745583	0,85412917112368	0,926786449168884	0,917245796173965	0,892114235653921	0,925520948759666	0,922773764710295
Peptidases	2,0692484792551	2,0492569947924	2,06494381857221	2,02528419007893	2,08685121062934	2,12631631536252	2,03479234810207	2,07163147437135	2,08158007525412	2,05827126863995	2,13712108367166	2,18773967603532	2,16844849343637	2,13367189206798	2,17495599311625	2,13508841558703	2,1203208298052	1,96727289710615	2,10728472630307	2,10005494055732
Peptidoglycan biosynthesis	0,818305307946374	0,848185984164541	0,826993940948416	0,824915460596587	0,857263124270964	0,857216357165106	0,818457560085443	0,875063075242263	0,838310143359235	0,826892889939535	0,823660684629653	0,890821212501444	0,929856554948017	0,849878784656913	0,842814519748853	0,844573876769413	0,852805284300526	0,807091573760482	0,829135267809602	0,849865162068384
Peroxisome	0,15989881259021	0,144224490943981	0,154568348299343	0,146668793104405	0,151134795477629	0,184596833856816	0,153559992346799	0,140239957969783	0,165262217814074	0,153744864877391	0,164776864943582	0,143342793308082	0,155383765746446	0,156855196136702	0,177396102008812	0,157562938302635	0,158046364248738	0,142275007103576	0,166971017939789	0,163448349382417
Pertussis	0,0143134909198215	0,0176721196537505	0,0224932313488114	0,0199298744725331	0,0227413239669884	0,0491876705363172	0,017468626479594	0,0298705942831434	0,0248658526900495	0,024024893458334	0,0214440009415641	0,0149400124988566	0,0401953641624832	0,0235538093739246	0,0326003678135126	0,0263634333905856	0,0329371046748379	0,0241020581349487	0,0326413778520983	0,0360259208954761
Phenylalanine metabolism	0,143305904202567	0,150543622410804	0,157202299282115	0,149114593677985	0,145456760826319	0,162677140544447	0,151208292600452	0,138242974682899	0,153997864241872	0,142771636407214	0,154165820452952	0,137948876497129	0,169072284506932	0,14872326819975	0,169980948902361	0,153797135915232	0,154446620760107	0,142202412850923	0,152751837781567	0,146710182638597
Phenylalanine, tyrosine and tryptophan biosynthesis	0,815374211760669	0,821243221972244	0,852628416895094	0,860547210835986	0,868007486409928	0,908131579844575	0,890411934573176	0,821394087770257	0,836602479205851	0,894876549145009	0,857212254985777	0,727280034351788	0,854711417346245	0,743677643347751	0,810857561986694	0,806567037986677	0,804605887225816	0,81578595985656	0,835911853178748	0,845365117752787
Phenylpropanoid biosynthesis	0,12521118727021	0,138838523780421	0,148106731904523	0,155709314169333	0,156131182415196	0,227129019955055	0,135095694165133	0,148394338351144	0,161479711138427	0,163562624260488	0,148100667374519	0,104346649796702	0,127427242706199	0,107220511798264	0,147687945645177	0,170486993641793	0,172816825720884	0,154344876028726	0,20549947989608	0,193485567298282
Phosphatidylinositol signaling system	0,0800638179466458	0,0912816590665315	0,0875321354868571	0,0843953620739459	0,0890341068824241	0,115481898334651	0,0823322952629022	0,0933429841389971	0,0923026490595378	0,0853478092302152	0,0872065887490119	0,089305731971492	0,105092892029315	0,0968149901572454	0,10364766474492	0,0971441103105295	0,102626667149182	0,0889846956230195	0,100344861005068	0,103548369992633
Phosphonate and phosphinate metabolism	0,0482492810619573	0,051516666311791	0,0571236099156952	0,0536778964743006	0,0538026572289859	0,0647707105388598	0,0530928405400658	0,060975790925382	0,0578897765798282	0,0624281941574747	0,0522682126516518	0,0481804107715773	0,0668626422975771	0,047913992131168	0,0705578898425262	0,0531933994370609	0,0663809647554252	0,0509845860873207	0,0651375139181516	0,067411530381205
Phosphotransferase system	0,334797473852196	0,376014241655757	0,291609059763487	0,225589748472228	0,262584089985688	0,207509653121785	0,26622164932757	0,325429544796122	0,298582440047545	0,322490085173675	0,3866157017155	0,426315591031827	0,248407514687873	0,385405240925759	0,527913828451759	0,249351441502135	0,358829800457654	0,254327917424955	0,328301983768947	0,273034527940037
Photosynthesis	0,336081383213875	0,296779030789449	0,32466565100198	0,33006724535078	0,3390777139856	0,350450571781281	0,344741143175242	0,312653651226051	0,340883398508105	0,352124632976799	0,347782091323328	0,334022233072975	0,34305070148513	0,332999690412476	0,341191414479533	0,34299493811259	0,354771560759788	0,318111213403598	0,352728687177515	0,369920755569628
Photosynthesis proteins	0,340043518935198	0,297838460451847	0,32628768146023	0,333356003514564	0,340687532070646	0,351339195524843	0,350537359282203	0,314258952065737	0,343809779914375	0,354439111573885	0,348169496948943	0,334361094243564	0,34305070148513	0,333501646230414	0,341504792600844	0,344159391966468	0,357097647263286	0,319276719293828	0,354114516501849	0,371366995237524
Plant-pathogen interaction	0,214577398144792	0,209503848193681	0,214530652933186	0,217002177516847	0,21059180240554	0,181156141220264	0,218074143119554	0,1916306783832	0,194522706747376	0,21463980599552	0,205874729574786	0,193801857195665	0,209321312796803	0,190408903596423	0,158838028738013	0,197202609005367	0,182240770613192	0,196879044680904	0,184408034054823	0,187923444508581
Polycyclic aromatic hydrocarbon degradation	0	0	0	0	0	0	0	0	0	0	0	0	0	0	0	0	0	0	0	0
Polyketide sugar unit biosynthesis	0,175072953690664	0,18682742257802	0,181892222692981	0,187605369466601	0,185112104379038	0,216278325572236	0,166543404406052	0,170598278808384	0,179587372103814	0,188427639253244	0,183397985813534	0,179105824739632	0,184696878129808	0,181541652079405	0,199207219252026	0,191050950198084	0,198744840500921	0,174528576921119	0,200443558427852	0,201487780814688
Pores ion channels	0,260870566343115	0,292955955585713	0,307109219132821	0,283655937237531	0,297445210353583	0,440218750271372	0,27063601451955	0,298424878213427	0,328649100869552	0,29345645127125	0,344068344348624	0,29634087090348	0,411178026312056	0,339459396881462	0,399523259833856	0,335272608571939	0,37442943344017	0,294088645808727	0,359789770283879	0,379714218606085
Porphyrin and chlorophyll metabolism	0,781026333303572	0,790337326642226	0,835376609010066	0,771430315765603	0,759385473440305	0,56481555561726	0,860936509730415	0,731239680363959	0,827710930325559	0,802590344019701	0,861484763332509	0,715830291909998	0,752721655037755	0,759189841040519	0,824955100615364	0,671799027703533	0,726191968996846	0,701547559414008	0,720200609704114	0,697278859249428
PPAR signaling pathway	0,0984534861202746	0,106788844199791	0,108552402530763	0,0991526340575885	0,10554401234062	0,131396193301439	0,0982258721103387	0,107753216413772	0,118373689165627	0,101675156813964	0,112798672824568	0,107754463635592	0,130903160890168	0,115314820653966	0,127324187639387	0,108302885076309	0,115725654767318	0,0991076126780271	0,114888144657668	0,117889258334644
Prenyltransferases	0,221337095582332	0,224310843603211	0,224736377962377	0,217781170908384	0,230362810481998	0,258368436089172	0,220927424851702	0,24666285664675	0,234330697219289	0,229132048246419	0,230562629996541	0,238191541005586	0,272255032080717	0,247616027228198	0,247503264576287	0,23696899787709	0,246061561303909	0,218671179682445	0,237409004144654	0,247655018668417
Primary bile acid biosynthesis	0,0403934255662173	0,0381441653174663	0,0400809364026523	0,0393093317915976	0,0407567531102878	0,0623646749637975	0,0390713490783969	0,0459464494530485	0,0429473712588182	0,0449859465681796	0,0431311596518165	0,0424724826092117	0,0408306280389625	0,0448043257691111	0,0614027718699535	0,0455155216199723	0,0515374037990779	0,0364956194688993	0,0530769560765516	0,0531609261222271
Primary immunodeficiency	0,0516786920871837	0,0436317777608998	0,0541826106709116	0,053651939314914	0,0545567823195479	0,064841206933951	0,0517360850909824	0,0533602546995953	0,052258383301228	0,0558036879938352	0,0536975777793805	0,0561248226598302	0,0658396659827807	0,0522729318290777	0,0573781014262651	0,0624841334178175	0,0638616384117492	0,0555115157085874	0,0642458416250069	0,0647353818743969
Prion diseases	0,0175088745437098	0,00822557181276803	0,0145133435891062	0,0144714646204503	0,0115484887956723	0,00865763885334883	0,016623018389545	0,0122945224718633	0,0114200995754485	0,0137743277854907	0,0114971336281999	0,0122686569373801	0,00686502857902381	0,00719826650847148	0	0,0143844870931159	0,00905367569941978	0,013748431947485	0,0112273172215087	0,0110737179592057
Progesterone-mediated oocyte maturation	0,0437562824555508	0,0485349714893086	0,0484518871212042	0,0475999742036914	0,049876502959712	0,0563225730570258	0,0474187193302356	0,0471308108268197	0,0484316180067441	0,0478416517006291	0,0505779340876215	0,0442274069604509	0,0523697212753314	0,0463846317895692	0,0468067829551871	0,0470571514239626	0,0477456387950058	0,0470311477304729	0,0472523975842882	0,0498080403214476
Propanoate metabolism	0,499152071259987	0,53873900642166	0,492123076709243	0,474611823404561	0,508529251979766	0,485334881276091	0,488947473457924	0,5036862043783	0,526919610643263	0,471160690956819	0,532316202670077	0,577549707978103	0,520058498873512	0,584796499766549	0,551372687856825	0,522757837702079	0,52011406574823	0,450916751672238	0,48753449577709	0,500146317247187
Prostate cancer	0,0437562824555508	0,0485349714893086	0,0484518871212042	0,0475999742036914	0,049876502959712	0,0563225730570258	0,0474187193302356	0,0471308108268197	0,0484316180067441	0,0478416517006291	0,0505779340876215	0,0442274069604509	0,0523697212753314	0,0463846317895692	0,0468067829551871	0,0470571514239626	0,0477456387950058	0,0470311477304729	0,0472523975842882	0,0498080403214476
Proteasome	0,0437562824555508	0,0485349714893086	0,0484518871212042	0,0475999742036914	0,049876502959712	0,0563225730570258	0,0474187193302356	0,0471308108268197	0,0484316180067441	0,0478416517006291	0,0505779340876215	0,0442274069604509	0,0523697212753314	0,0463846317895692	0,0468067829551871	0,0470571514239626	0,0477456387950058	0,0470311477304729	0,0472523975842882	0,0498080403214476
Protein digestion and absorption	0,0118751914349695	0,0146712351619113	0,0178727462599655	0,0135775678462613	0,0153641844131313	0,0333934253218951	0,0112729560219658	0,0156091673694802	0,0191166275272756	0,0150811603656836	0,0210057680231629	0,015723158315329	0,027711023648671	0,0218483094879291	0,0285607447566074	0,0202822239281475	0,0234400941406834	0,0170669454456543	0,0229156988016222	0,0250666616112421
Protein export	0,665195286394733	0,664421812503769	0,668693039739275	0,658978282669097	0,681142339924462	0,715596837701816	0,65883352118114	0,7066452113662	0,675998194375242	0,670760905317015	0,658483334503779	0,659508553258814	0,721627801500248	0,670286928035672	0,676889758175523	0,660933381783446	0,673765797302364	0,638713152606573	0,671282971467181	0,673008385857029
Protein folding and associated processing	0,584897620498414	0,587691120011688	0,568656263443799	0,543985117964628	0,56385860472817	0,644858710258839	0,591321844302683	0,586955240892959	0,599165308514699	0,597974641585837	0,613170091402934	0,605771195801989	0,622315027238198	0,627551575583341	0,743488518370018	0,606624545178212	0,66160556273619	0,535483525656864	0,651727000822063	0,635098541129728
Protein kinases	0,380368550985967	0,348350734139047	0,355244818799639	0,370126943362606	0,349030704727498	0,281103204036025	0,372874687997256	0,326741617987549	0,331724616240157	0,362810337453316	0,332719694185083	0,339112680880045	0,294742540052801	0,300494900412556	0,307889706430528	0,357654132324736	0,335637601558531	0,334615694981634	0,353070251941495	0,333335097564192
Protein processing in endoplasmic reticulum	0,0780737887185121	0,0920376520822274	0,0818943425893071	0,07744882688118	0,0823664490103787	0,104043095052602	0,0784865787800804	0,0901168773354734	0,0894339032294388	0,0861921792721489	0,0945836281391144	0,0859095900173668	0,0968452815170843	0,093999765450359	0,116230512608387	0,0869304122108205	0,0974454027829314	0,0778032484213652	0,0982725835811118	0,0955239485281886
Proximal tubule bicarbonate reclamation	0,0287668419802875	0,0308170098476506	0,0312520665285421	0,0253040280353369	0,0279890464203075	0,0331864087175788	0,0231649699063284	0,0334391835286083	0,033263103886911	0,0235775922606068	0,0329857609328301	0,0423086997100937	0,0468986541605828	0,0401690685887789	0,0499689472724227	0,0349872296398136	0,0401096869808307	0,0245959922284931	0,0381578674439163	0,0371690856103741
Purine metabolism	2,37134932156812	2,41411564199549	2,34022377754912	2,32825743140146	2,3844087289103	2,46930456329967	2,33502522769718	2,41605079669774	2,41502149019853	2,38123093884977	2,4005649398022	2,53068751234161	2,46666682730668	2,52356850099589	2,5609663883592	2,46851580818466	2,46640211406064	2,23794105119607	2,43332173838867	2,45903008232577
Pyrimidine metabolism	1,97011765282899	2,0127501813497	1,96522475736143	1,95150261296468	2,03864536217892	2,1171183461335	1,96792140574931	2,07534371886602	2,02189346754531	2,00415165570213	2,01593841501717	2,14796641090605	2,15510664618247	2,12976080220172	2,11887912718628	2,07452363830882	2,09382940751916	1,88382548718526	2,02952789391607	2,08956973322113
Pyruvate metabolism	1,03066672478657	1,08328038916884	1,0229133317694	1,01176066606008	1,0356450984561	1,01902319024991	1,00512920117294	1,06876092088421	1,06043536072806	0,994009099169322	1,04766140947293	1,07855594869392	1,04127174032594	1,10103922993716	1,05517323384962	1,0290615121769	1,0567060412447	0,941002916725798	1,01282670748762	1,02800028707071
Renal cell carcinoma	0,00963280830430969	0,00988661093565579	0,00904120968018468	0,0101323005488231	0,0119337545376753	0,00510853937358979	0,00989452390958475	0,0110252390400199	0,0117077041581301	0,00589480417248738	0,00557829538326676	0,0143695961950318	0,00903628041682974	0,0154534464353093	0,00962070832423403	0,00819022197249829	0,00995107339504268	0,00717197234505321	0,00837396588344571	0,00704512357049469
Replication, recombination and repair proteins	0,916088160766753	0,852828218378938	0,806307658587437	0,850977400538021	0,857329105474656	0,741626761920733	0,83794680801273	0,87167534258628	0,777556780632851	0,812485951055145	0,754077849726683	0,903719398191296	0,6900956183753	0,867384793655947	0,757750267134255	0,887261388153996	0,798116040565315	0,772653380022119	0,805969900765899	0,789759471726675
Restriction enzyme	0,237819057978696	0,2818160526856	0,269880445658774	0,227879481044558	0,27443642898133	0,312554109355417	0,239785830958692	0,283192216897542	0,278915943134085	0,256512304642207	0,246599284682908	0,254200472241445	0,278854600451372	0,278685999577556	0,306504843744153	0,250202499373431	0,259844705946395	0,250872244432443	0,279707952791377	0,27954738690305
Retinol metabolism	0,0177664549759504	0,0164197605204424	0,0148536313945279	0,0157473820570247	0,0135247953631731	0,0209791024376827	0,0114526977501818	0,0274535481451366	0,016910079305089	0,014082427884158	0,0106036914756071	0,0170710727494496	0,0168817519814103	0,0230734045681199	0,0226408529718389	0,0186753248781979	0,0231165950807423	0,0137002245663061	0,0221300036989358	0,0224323572354111
Riboflavin metabolism	0,123201351064661	0,127324455643251	0,129824121063912	0,122592250811117	0,130882454164607	0,155405007881028	0,133804732480991	0,124833507771185	0,139478132552739	0,138619511703179	0,146446611727814	0,114421745423136	0,156198241691446	0,138573997992754	0,153167406864595	0,1303822795616	0,139993702093633	0,124697569811477	0,147293314642476	0,143155579685812
Ribosome	2,56822017916129	2,60804037711122	2,58801048591768	2,55703765838123	2,68968002602331	2,76938428939801	2,59390037941937	2,75307625676413	2,65245453314285	2,66414713454873	2,62803073061901	2,70974815559183	2,89196287194802	2,71682434660151	2,72614799610199	2,61645124132774	2,65462834489335	2,50674167732513	2,5910853327221	2,6805250761428
Ribosome Biogenesis	1,60843894778764	1,61110623729046	1,58635553915307	1,60934450884113	1,66003632464653	1,60103518070843	1,64145314418034	1,65302741984176	1,60555363386646	1,63280827421563	1,58786136575733	1,64484831207264	1,63618081484127	1,62216375934387	1,55747216142169	1,59163517631944	1,56232451311832	1,53959756688745	1,53605659748919	1,58941258430446
Ribosome biogenesis in eukaryotes	0,0473969080893272	0,0463861283061432	0,0477703956720498	0,0469533669685245	0,0501586360261634	0,0494255692472444	0,0487716922743141	0,0506701430535682	0,0499527691550134	0,0495035678743245	0,0472013076035362	0,0505565806022296	0,0540611051281344	0,0490042601195498	0,0505941813927403	0,0478438789422222	0,0482262002189166	0,0472640223638112	0,0474152246986886	0,0489669218535079
RIG-I-like receptor signaling pathway	0,00236876196504485	0,00125932205152949	0,000923919237391135	0,000784751330292346	0	0	0	0,00409269531483148	0,00112748640386791	0,00105379647103996	0,00233466698197163	0,00477417738118705	0,00600068168365759	0,00487372712554535	0	0,00333792621944688	0,00294766901567877	0,00104943504294124	0,00139566098057428	0,00198077347987793
RNA degradation	0,493539742899265	0,511440635669098	0,501949860168999	0,486869499878757	0,509685807882929	0,557704790835052	0,483171479204643	0,5212723572597	0,51375450609353	0,510021997426535	0,523129169499002	0,523741566187866	0,561819823314125	0,528874555132185	0,562745448489003	0,512311488411168	0,529930378890455	0,482532331614469	0,52864601606154	0,528822617584351
RNA polymerase	0,194591350399512	0,200115568984131	0,190612888964275	0,188848782410204	0,19972946596921	0,199169496523067	0,193681059304551	0,2046785416928	0,195293487028962	0,193830324638959	0,194095504471624	0,204509870186277	0,197908638066786	0,208959717847996	0,191923326810102	0,19096515481029	0,190371125373981	0,182192284543436	0,184545025933738	0,192479008694275
RNA transport	0,100585237300067	0,088192222246307	0,0922294163117322	0,0958985396138079	0,0917371076196563	0,0921204011069669	0,0971508041734028	0,0916290378534031	0,0886520009633259	0,102833125023109	0,0965156074227732	0,0916246719155559	0,0888609548001761	0,0873216931605532	0,0983187145603369	0,0990578007169824	0,0958274336902726	0,0888211503333116	0,0946143700628958	0,0961391449961245
Secondary bile acid biosynthesis	0,0403934255662173	0,0381441653174663	0,0400809364026523	0,0393093317915976	0,0407567531102878	0,0623646749637975	0,0390713490783969	0,0459464494530485	0,0429473712588182	0,0449859465681796	0,0431311596518165	0,0424724826092117	0,0408306280389625	0,0448043257691111	0,0614027718699535	0,0455155216199723	0,0515374037990779	0,0364956194688993	0,0530769560765516	0,0531609261222271
Secretion system	1,40211524947771	1,33675599876194	1,30566014743327	1,33548586691737	1,34409475496032	1,16811852229356	1,36769725406627	1,31845845357906	1,27406708924697	1,32115400745055	1,26145570896102	1,32501231365017	1,28821751382897	1,26579131090499	1,15441086259824	1,28930715489422	1,23063353917484	1,22735662659088	1,25973504548639	1,22636703427238
Selenocompound metabolism	0,31360654277178	0,319185568364384	0,321122622749741	0,31892783952225	0,307015329928243	0,316833446418165	0,320978282886448	0,324067888080466	0,319297766855749	0,306440681615667	0,3142939534286	0,316967726869643	0,325133660909406	0,327772922678274	0,30435605473463	0,315708508227434	0,327445552186771	0,298205029778116	0,319345468992209	0,325575900721688
Shigellosis	0	0	0	0	0	0	0	0	0	0	0	0	0	0	0	0	0	0	0	0
Signal transduction mechanisms	0,444106821092899	0,431992606039161	0,42987120323403	0,411793036634538	0,429701937055741	0,361582754791024	0,424655253892287	0,424496878321851	0,441604472576971	0,420981027259652	0,427312200158004	0,449482023215349	0,424616444121955	0,434472516814003	0,461127130921084	0,406264957282598	0,409504596500812	0,387301565192854	0,409309341594389	0,391969829036986
Sphingolipid metabolism	0,217752055101486	0,219066000466378	0,243139259922374	0,256018411651829	0,24477442831161	0,377572444693952	0,232123457815154	0,260485702221788	0,251736411903542	0,249800620770508	0,236373477186734	0,165040450573307	0,237698256654286	0,215073047007129	0,24682010027183	0,27388600860552	0,282231862933407	0,245109879900148	0,315579355372851	0,308248376185171
Sporulation	1,0711029271432	1,01062786788443	0,98658673984107	1,08989220338112	1,03948440789996	0,725445886930211	1,13114870183821	0,932763778512562	0,941701067012581	1,01293190997441	0,987595578525804	1,00920876315771	0,821286065787525	0,858550325569046	0,746301042240477	0,947839018552564	0,815401733456328	0,952947519753759	0,831675122676739	0,800238506826624
Staphylococcus aureus infection	0,0304514444762616	0,0199192765769704	0,00862280625410898	0,0103480375121686	0,0101342671642581	0,00465127121570197	0,0103188555047074	0,0282543905469692	0,0206145409896618	0,0150558359287511	0,0228632344955975	0,0502606418465819	0,0419674618476736	0,0453554757702226	0,0340060029924996	0,036936274221161	0,0376253536309804	0,00958230808860102	0,0279173445650505	0,0243561282982531
Starch and sucrose metabolism	1,06580818336488	1,06712688531072	1,04886959020034	1,08630126952018	1,08672031131831	1,16306890739925	1,04170213295508	1,08539107054542	1,09819094374615	1,11439026794917	1,12401752329743	1,04985553708227	0,966273976978991	1,05088126722461	1,17258321217001	1,10260554522301	1,09830919129858	1,00422511476815	1,16479269509306	1,10124034484989
Steroid biosynthesis	0	0	0	0	0	0	0	0	1,27654392844706E-05	0	0	0	0	0	0	0	0	0	0	0
Steroid hormone biosynthesis	0,0133212578065469	0,0172070700104356	0,0178193313372907	0,0165822831764718	0,0173063268000644	0,0426627428661865	0,0119676276142211	0,0174646321557196	0,0229793959469271	0,0147125398609917	0,0218263577227624	0,012259244127086	0,0263191764142118	0,0217702156259409	0,0261506879305171	0,0214920036472752	0,024610498104383	0,0190186614177377	0,0254206621442454	0,0260509820111515
Streptomycin biosynthesis	0,324535911780081	0,343480522654845	0,349091947661349	0,348606113264127	0,343622427221573	0,411742537248776	0,315100415589717	0,336448209225194	0,348807602273758	0,345723256761592	0,347707205778623	0,324647074020013	0,357883702591603	0,344919646605772	0,38073847987644	0,359073900302441	0,373341774031503	0,326929832619522	0,380000336943575	0,377588730391238
Styrene degradation	0,0125649587685408	0,0129955039484224	0,0190979493652931	0,0150199779393306	0,0139726993876606	0,00570971104894984	0,0171395121739229	0,0134861707061013	0,0158488661698417	0,00758175321887432	0,00911075834703397	0,0141173328791489	0,0093274844823693	0,0167372166209724	0,0108697439791718	0,00793124940383335	0,00870506561296161	0,0102437186888395	0,00883760446119249	0,00908740762034821
Sulfur metabolism	0,239474320127603	0,259150920989924	0,248664054534185	0,256518702233638	0,253465928616554	0,277899984150309	0,24735644198562	0,267831186302906	0,26380089862371	0,247628092306755	0,243690337062178	0,230872139720864	0,243855080428178	0,255893748142991	0,233177497138697	0,240704399559157	0,252957177786431	0,240509623087469	0,256329855999546	0,25960661620846
Sulfur relay system	0,243771200496695	0,257120180893337	0,240065922041634	0,247818619297588	0,247085761968357	0,218958395472628	0,24760888782446	0,234301766239043	0,246375959340773	0,243930682862575	0,262890211372653	0,248579894958609	0,277359093772699	0,254251111721716	0,25890270711708	0,253910381780168	0,264415894200756	0,233805032463603	0,254600414941795	0,247004483122404
Synthesis and degradation of ketone bodies	0,0458177334459639	0,04403879198057	0,0434574437007927	0,0418083236461741	0,0437567048271254	0,0223173980508396	0,0495913320126945	0,0383957279335195	0,047863097320048	0,0407943773875407	0,0443075404009183	0,0591828564681899	0,0321549481722211	0,0568166543218332	0,0508657459190075	0,0406203605486421	0,0361602504504205	0,0335966800955173	0,0373421811374917	0,0365346765443396
Taurine and hypotaurine metabolism	0,125061681602625	0,133463650644457	0,129869886043047	0,119930039966837	0,130966619911322	0,157001719282838	0,126128575016329	0,141133064078579	0,136132249764474	0,13360956335009	0,133097399320215	0,135460505967771	0,137211649561744	0,148942776300365	0,155850550339256	0,136306175896004	0,143306327052654	0,12169095507115	0,13877823192655	0,146242212158611
Terpenoid backbone biosynthesis	0,561404638609051	0,561071450551025	0,551657469360427	0,551425187448164	0,570759532116251	0,568626620553098	0,569670458322182	0,5698587869503	0,571108783961338	0,572735383063741	0,56877323050616	0,590361295813249	0,591213711713105	0,581390678329629	0,581856947522036	0,56885608807107	0,561023278337504	0,526971474735072	0,553389565527387	0,564194432718734
Tetracycline biosynthesis	0,113927849854632	0,130587465688038	0,100145141516817	0,110267963343825	0,113656191512897	0,094885024085459	0,113357710642163	0,113794626413449	0,116003101226647	0,0993234829501331	0,116675134905911	0,13226993979047	0,120631361878804	0,133934171693242	0,106115830828362	0,105730156589128	0,107470320193958	0,0967222301677226	0,0928454783214275	0,0962041955251198
Thiamine metabolism	0,37574248897069	0,402910795390766	0,389376280978332	0,38873047199947	0,391667862871354	0,4097358392592	0,383535860204911	0,403666374091549	0,406625372603251	0,396104224741152	0,420430116945052	0,376925069368835	0,463633373894936	0,401694265031147	0,41740658524117	0,381076661699842	0,424396890446626	0,375210174520475	0,410554519306569	0,402401180586378
Toluene degradation	0,0460349148223424	0,051216561204908	0,0527495930782233	0,0459249480284269	0,0486025417670479	0,0839336611344238	0,0491278660388668	0,0564621561446355	0,0554160331898639	0,0488714149478038	0,0455445750527446	0,0440267258449799	0,0786432551988095	0,0586569812996377	0,0821096341502758	0,06118668052505	0,072931118490392	0,04947846356601	0,0685542780867282	0,0698763705649882
Transcription factors	1,81683780270881	1,73322669447506	1,6793678625387	1,75165159368628	1,69106496366495	1,34997423197024	1,75277386676661	1,64676981471876	1,67045759891444	1,71165386765528	1,67149703222436	1,7829165430043	1,37954720503871	1,61106167548383	1,52876054748383	1,69014469594499	1,58794659302004	1,5640822190552	1,60513570613399	1,54349598765175
Transcription machinery	1,11456760064472	1,1033580138334	1,15522365754737	1,15275192259479	1,16935665972604	1,12117793322494	1,15381918195562	1,13800543563302	1,11116575152283	1,12556567539447	1,10278401511772	1,08855310625112	1,17357458353753	1,05351974317121	0,97387238386214	1,10768971515243	1,06516209481843	1,09292852848426	1,07041642479345	1,10159863711239
Transcription related proteins	0,00172722226617853	0,00214218010352768	0	0	0	0	0,000912893034848657	0	0,00169314059970672	0,00256160011735011	0,00625853398505313	0,00676592803942675	0,00600068168365759	0,00474426874877305	0,00974158274245381	0,00428653182788328	0,00516095895397259	0,000682965662866523	0,00439478135438614	0,00274422464180317
Translation factors	0,58463165070088	0,596758038890312	0,598817728162327	0,586072678422915	0,612921236771483	0,645945973391591	0,591729518327688	0,629180898857107	0,607519256589676	0,608539221946236	0,605905380329889	0,608186899435877	0,670005149548725	0,619567725183821	0,616483797341155	0,602549361384864	0,611525986011606	0,578139362143226	0,601791057319015	0,62028768540777
Translation proteins	0,917321846093964	0,944109610922284	0,917396179020208	0,911148951748026	0,944212481170261	0,930659615160506	0,923953043112893	0,962619525132649	0,933495908923037	0,939488918616399	0,93797065617792	0,951359137139578	0,991217971264352	0,955544082514217	0,926886438158169	0,915825618931772	0,920224870893967	0,889291588542391	0,904022745279291	0,917421891281519
Transporters	6,54834458391521	5,95060999148141	6,15841715880181	6,41009155830289	5,97734812786279	4,85867977429545	6,39235406213167	5,77299350863404	5,85710726608258	6,14513027532424	5,88363556691331	5,97596433620218	4,90228146383987	5,52403238158218	5,23689527191136	5,84604084030431	5,59711934507183	5,66745406011146	5,65228703305154	5,48041672326176
Tropane, piperidine and pyridine alkaloid biosynthesis	0,0964825236314429	0,104906824040719	0,114209508842109	0,104159811894753	0,105575260355879	0,118738718198508	0,105274279225141	0,106519600246319	0,112963359661941	0,112576785436958	0,119172144261041	0,103489331035112	0,134223683182662	0,106718251372381	0,121346097060661	0,10550699145401	0,116160224432419	0,104873708534919	0,115187932636295	0,114558580481903
Tryptophan metabolism	0,121521257291745	0,126291711614802	0,12452798972925	0,120691063017261	0,124796085244096	0,123284138331551	0,138488819376016	0,116335877909939	0,138406064972112	0,131264345551595	0,141642890401745	0,15044795903051	0,137220852679767	0,141672926924737	0,158567896797443	0,135129645936599	0,132248845584941	0,119520456879162	0,125487910672933	0,131645145756598
Tuberculosis	0,149637205655179	0,152245772735056	0,15164531564731	0,149790315651856	0,15677252540516	0,165875958842555	0,148045100049581	0,15470508824597	0,155332043746489	0,151339584845251	0,155559945324349	0,158367897611998	0,166631530550815	0,158128419272257	0,158396344660177	0,15882911634838	0,156490428190588	0,146963483090659	0,155374687955016	0,158929576565681
Two-component system	1,86660890117602	1,78120210053639	1,7794017027643	1,89033456687017	1,7667067117648	1,31975527422791	1,87418220286893	1,59961133573753	1,56969597355491	1,73741036114091	1,58834930776807	1,63091622330008	1,45836071792093	1,55463975498318	1,30953034654878	1,68111439143571	1,54986663505051	1,64460743545477	1,5889560565037	1,56724635937279
Type I diabetes mellitus	0,0592885642144703	0,0650296916556753	0,0627896860552061	0,0614755153805141	0,0640710679974442	0,0798219393675571	0,0585225537341916	0,0668783670572167	0,064917456664954	0,0643556420506516	0,0657306682675782	0,0690772261369765	0,074764016585822	0,0726332695799819	0,0704459690849153	0,0711586298848889	0,0724147518561644	0,060189297452852	0,0704337992219234	0,0736352019227586
Type II diabetes mellitus	0,0559911398881295	0,0604654821038356	0,0543859806488213	0,0524147486599647	0,0550323543514764	0,0598728084303613	0,0535729640840115	0,0567068960371569	0,0589315740170021	0,0577761200841948	0,0632584965161894	0,0615925359034894	0,0568199884883296	0,0624921857115171	0,0738736989758101	0,0552149977784256	0,0602399650778585	0,0517572034867128	0,0588343057389282	0,0565627057159631
Tyrosine metabolism	0,162158804415401	0,171444603826198	0,164258752660005	0,158499801673372	0,150795002947513	0,157708813034206	0,148418185975935	0,183315603552597	0,169326596090688	0,152185246100252	0,158890793360065	0,174114023184445	0,174051046990701	0,186884323136811	0,194387105599846	0,160514817652628	0,181450551652043	0,14403396018174	0,174891642122056	0,171090001431829
Ubiquinone and other terpenoid-quinone biosynthesis	0,102944622915667	0,113973576342351	0,105093793021673	0,0906935951544115	0,102859030185783	0,181810344926977	0,106311049298901	0,123791596301277	0,128348236511682	0,116947375061571	0,123938050081278	0,134425096835415	0,180154331003665	0,156304084211584	0,218952906065986	0,143576962691916	0,169850577252971	0,109252484580441	0,159285671184159	0,164918249289231
Ubiquitin system	0,00749659326437488	0,0099638027132588	0,0122596540603947	0,0100032577117295	0,0109192135141803	0,022130401570809	0,00923985958180484	0,0106399120500706	0,0143639856858867	0,0106389708938886	0,0130315418276864	0,0116718847647317	0,0176268936250919	0,013364368994136	0,0197801584073039	0,0169011410098595	0,0191488498369281	0,0112711655689763	0,0187338953128717	0,020940733477518
Valine, leucine and isoleucine biosynthesis	0,651075827586632	0,664277223675631	0,667302716373737	0,671492373157842	0,660582781781602	0,631014936301956	0,677926697190119	0,673401512936432	0,642798267946825	0,675882731034579	0,615902498893387	0,578578339887046	0,619309276455369	0,59030495369821	0,61136230347288	0,583351202651013	0,60186199730382	0,626763285745698	0,629395091501271	0,619357311562837
Valine, leucine and isoleucine degradation	0,206635114241369	0,2297018080765	0,230467128448505	0,217156759598417	0,229570538155813	0,259539826339933	0,242063262674076	0,229079388398153	0,255145281050911	0,220457595556349	0,249517245676892	0,260583487158107	0,259539618684661	0,282249912538111	0,271434877261501	0,251766306475775	0,24972245792585	0,217855085688417	0,2425067954423	0,258361609595609
Various types of N-glycan biosynthesis	0,00105652167190921	0,00105942966239783	0	0,000590885247217165	0,000548855503222775	0	0,00134206187194882	0	0	0	0	0	0	0,000342683938514907	0	0,000770539709241859	0,000758068725042531	0	0,00024346530438907	0
Vasopressin-regulated water reabsorption	0	0	0	0	0	0	0,000528823295884441	0	0	0	0	0,00077410951858995	0	0,000403605527584224	0	0	0	0	0	0
Vibrio cholerae pathogenic cycle	0,0826740994200016	0,0854317749831951	0,0896529476511939	0,0858521437964073	0,0857174785799905	0,0835935320016121	0,0873923049630345	0,0893343342674447	0,0861769580975063	0,0843198370205209	0,083953642010706	0,0795145267035291	0,0927681136833809	0,0827160971788992	0,0784863563116832	0,0774673104396435	0,0861817875382437	0,0787132585228871	0,080746152119256	0,0839152126600412
Vitamin B6 metabolism	0,174196646352346	0,187213314835238	0,187966358672936	0,184174566668534	0,184344489060341	0,220139085852046	0,181247201578229	0,194307038134662	0,188616780084403	0,175445574814617	0,175361377587378	0,169486309131434	0,193761141000085	0,188895725551921	0,187419725060445	0,175299370257807	0,185771983335385	0,177390336310123	0,190739155453658	0,193182008248324
Xylene degradation	0,0292117250868475	0,0254562957559176	0,0206544165750357	0,0274989171406777	0,0240172766871804	0,0167426453574471	0,0263675514275873	0,0246520516319736	0,0227191950168412	0,0169797017469671	0,0169785521914165	0,0275607085412375	0,0193389844934457	0,027975346004603	0,0240763933772595	0,0233860096779626	0,0251344115835073	0,0187422102435686	0,0240068885856121	0,0226118664393782
Zeatin biosynthesis	0,0545959032003853	0,0573921366209363	0,0609593562540187	0,0575006802400984	0,0609450810384842	0,0746358752573715	0,0567276823688616	0,0626322641536097	0,0623770960274663	0,0602050168198558	0,0613798520050941	0,0582261384298937	0,0705262294693322	0,0617644773300841	0,0664750206048801	0,0627636321283169	0,0660016258117197	0,0588200345873001	0,0654947100851132	0,0685794142971212
